Last_name,First_name,Family_affiliation,Hogwarts_house,Pure_blood,Member_of,Occupation_records,General_info
Abbott,Hannah,,Hufflepuff,TRUE,Dumbledore's Army,Student,Hufflepuff student in Harry Potter's year. Prefect and member of Dumbledore's Army.
Avery,I,Avary family,Slytherin,TRUE,Slug club,,"Member of Tom Riddle's gang when they attended Hogwarts, and was a member of the Slug Club"
Avery,II,Avary family,Slytherin,TRUE,Death Eater,,"School friend of Severus Snape. After graduating from Hogwarts, he became a Death Eater. He participated in the First Wizarding War, but like most Death Eaters, didn't search for Lord Voldemort after his downfall, although he was forgiven after his master's return. During the Second Wizarding War, he fought at the Battle of the Department of Mysteries with a group of Death Eaters, attempting to take a prophecy from Harry Potter."
Bagman,Ludo,,,,,Ministry of magic,Head of the Department of Magical Games and Sports within the Ministry of Magic.
Bagshot,Bathilda,,,,,,"Author of A History of Magic, and the great aunt of Gellert Grindelwald. She lived in Godric's Hollow, and was murdered around December, 1997, after which her corpse was animated by Lord Voldemort to contain his pet snake Nagini."
Barebone,Credence,,,TRUE,,,"Alegedly a member of the Dumbledore family, he was adopted by Barebone, leader of an ani-witchcraft society. Due to the repression of his magic, Credence developed a dark parasitic force known as an Obscurus and became an Obscurial. Grindelwald wanted to use this Obscurus force, in his battle against Albus Dumbledore."
Bell,Katie,,,FALSE,Dumbledore's Army,Student,Gryffindor Quidditch Chaser one year above Harry Potter. Member of Dumbledore's Army.
Binns,Cuthbert,,,TRUE,,Ghost,History of Magic professor.
Black,Arcturus,Black family,,TRUE,,,Grandfather of Serius Black.
Black,Cedrella,"Black family, Weasley family",,TRUE,,,"Mother of Arthur Weasley. Paternal grandfather of Bill, Charlie, Percy, Fred, George, Ron and Ginny Weasley, great-grandfather to James, Albus and Lily Potter, Victoire, Dominique, Louis, Molly II, Lucy, Fred and Roxanne Weasley and Rose and Hugo Granger-Weasley. "
Black,Irma,"Black family, Crabbe family",,TRUE,,,"Mother of Walburga. Grandmother of Bellatrix, Narcissa and Andromeda. Wife of Pollux."
Black,Phineas Nigellus,Black family,,TRUE,,Headmaster,Great-great-grandfather of Sirius Black and former Hogwarts headmaster. His painting hangs in the office and assists the current headmaster.
Black,Pollux,Black family,,TRUE,,,Husband of Irma. Grandfather of Sirius Black.
Black,Regulus,Black family,,TRUE,"Death Eater, Slug club",,Brother of Sirius Black. He defied Voldemort and found and intended to destroy Salazar Slytherin's locket (horcrux) and died when dragged into the lake and drowned by Voldemort's inferi.
Black,Sirius,Black family,Gryffindor,TRUE,Order of the Phoenix,,Harry's godfather who was a close friend of Harry's father James. Escapee from Azkaban prison and member of the Order of the Phoenix. Killed in the Battle of the Department of Mysteries by his cousin Bellatrix Lestrange.
Black,Walburga,Black family,,TRUE,,,"Mother of Sirius and Regulus Black. Her portrait hangs in Number 12, Grimmauld Place."
Bobbin,Melinda,,,FALSE,,,Her family owned a large chain of apothecaries.
Bones,Amelia,Bones family,,FALSE,,Magical Law Enforcement,"Head of the Department of Magical Law Enforcement, and the aunt of Susan Bones. Killed by Lord Voldemort."
Bones,Susan,"Bones family, McMillan family",Hufflepuff,FALSE,Dumbledore's Army,Student,Hufflepuff student in Harry's year. Member of Dumbledore's Army.
Boot,Terry,,Ravenclaw,FALSE,Dumbledore's Army,Student,Ravenclaw student in Harry's year. Member of Dumbledore's Army.
Brown,Lavender,,Gryffindor,TRUE,Dumbledore's Army,Student,Gryffindor student in Harry's year and member of Dumbledore's Army. Killed in the Battle of Hogwarts.
Bulstrode,Millicent,,Slytherin,TRUE,Inquisitorial Squad,Student,Slytherin student in Harry's year. Member of Dolores Umbridge's Inquisitorial Squad.
Burbage,Charity,,,FALSE,,Professor,Professor of Muggle Studies at Hogwarts. Killed by Lord Voldemort.
Bryce,Frank,,,FALSE,,,Muggle gardener for the Riddle family. Killed by Lord Voldemort.
Carrow,Alecto,,,TRUE,Death Eater,Professor,"Death Eater and sister of Amycus Carrow. Professor of Muggle Studies for one year, and Deputy Headmistress of Hogwarts under Severus Snape."
Carrow,Amycus,,,TRUE,Death Eater,Professor,"Death Eater and brother of Alecto Carrow. Professor of Defence Against the Dark Arts for one year, and Deputy Headmaster of Hogwarts under Snape."
Carrow,Flora,,Slytherin,TRUE,Slug club,,"She and her twin sister Hestia were underage to fight in the battle, they likely departed the school along with most other members of their house before the battle started."
Carrow,Hestia,,Slytherin,TRUE,Slug club,,Hestia and her twin sister Flora were present in the Great Hall prior to the Battle of Hogwarts when classmate Pansy Parkinson urged students to hand over Harry Potter to Lord Voldemort.
Cattermole,Reginald,,,FALSE,,Ministry of magic,Employee of the Magical Maintenance Department for the Ministry of Magic. Impersonated by Ron Weasley.
Cattermole,Mary,,,FALSE,,,Muggle-born wife of Reginald Cattermole. Saved by Harry Potter from the Muggle-born Registration Commission.
Chang,Cho,,Ravenclaw,,Dumbledore's Army,Student,"Ravenclaw Quidditch Seeker one year above Harry, and his first love interest. Member of Dumbledore's Army."
Clearwater,Penelope,,Ravenclaw,FALSE,,,Ravenclaw prefect and girlfriend of Percy Weasley.
Cole,Mrs.,,,FALSE,,,Matron of the orphanage where Tom Riddle lived.
Cooper,Buckley,,,,,Daily Prophet,Wizard who wrote to the Daily Prophet advice page.
Corner,Michael,,Ravenclaw,FALSE,Dumbledore's Army,Student,Ravenclaw student in Harry's year. Member of Dumbledore's Army.
Crabbe,Mr.,,Slytherin,TRUE,Death Eater,,Death Eater and father of Vincent Crabbe.
Crabbe,Vincent,,Slytherin,TRUE,,Student,Slytherin student in Harry's year and the son of a Death Eater. Slytherin Quidditch Beater and member of the Inquisitorial Squad. Killed by his own Fiendfyre spell.
Creevey,Colin,,Gryffindor,FALSE,,Student,"Muggle-born Gryffindor student one year below Harry. Older brother of Dennis Creevey, and member of Dumbledore's Army. Killed during the Battle of Hogwarts."
Creevey,Dennis,,,FALSE,,Student,"Muggle-born Gryffindor student three years below Harry. Younger brother of Colin Creevey, and member of Dumbledore's Army."
Cresswell,Dirk,Cresswell family,,FALSE,Slug club,,"Muggle-born Head of the Goblin Liaison Office. He was hunted by the Ministry of Magic and the Snatchers. He went on the run with fellow Muggle-borns Ted Tonks, Dean Thomas and goblins Gornuk and Griphook, during which he is killed."
Cresswell,Gabriel,Cresswell family,Gryffindor,FALSE,,Auror,Son of Dirk Cresswell. Became an Auror. Father of Isis Cresswell.
Cresswell,Iris,Cresswell family,Ravenclaw,FALSE,,Student,Daughter of Gabriel Cresswell. Classmate of Albus Severus Potter.
Cresswell,Michael,Cresswell family,Gryffindor,FALSE,Dumbledore's Army,Student,Brother of Gabriel Cresswell. Dolores Umbridge made him use a blood quill to write lines as punishment.
Crouch,Bartemius Sr.,,,TRUE,,,Barty Sr. Head of the Department of International Magical Cooperation. Killed by his son Barty Crouch Jr.
Crouch,Bartemius Jr.,,,TRUE,Death Eater,,"Barty Jr. Death Eater credited with facilitating the return of Lord Voldemort. Used Polyjuice Potion to impersonate Alastor Moody, and received a Dementor's Kiss."
Cuff,Barnabas,,,,Slug club,Daily Prophet,Editor-in-chief of the Daily Prophet
Davies,Roger,,Ravenclaw,,,Student,Ravenclaw Quidditch Captain and Chaser. Attended Yule Ball with Fleur Delacour.
Dawlish,John,,,,,Auror,"He was unflappable during conflicts and remained calm and generally unfazed by threats from his criminal enemies. He accompanied Cornelius Fudge in an failed attempt to arrest Dumbledore. After the Battle of the Department of Mysteries, Dawlish was one of the Aurors who arrived in the Ministry Atrium. During the course of the Second Wizarding War, however, Dawlish's powers were diminished somewhat as he was incapacitated and attacked quite frequently."
Delacour,Fleur,,,FALSE,,Student,Participant in the Triwizard Tournament as a representative of wizarding school Beauxbatons. Later married Bill Weasley. Mother of Victoire Weasley.
Delacour,Gabrielle,,,FALSE,,Student,Fleur's younger sister. Rescued by Harry during the Triwizard Tournament.
Diggle,Dedalus,,,FALSE,"Order of the Phoenix, Advance Guard",,Member of the Order of the Phoenix who took the Dursleys into hiding.
Diggory,Amos,,,FALSE,,,Cedric Diggory's father. Employee of the Department for the Regulation and Control of Magical Creatures.
Diggory,Cedric,,Hufflepuff,FALSE,,Student,"Hufflepuff student and prefect two years above Harry. Quidditch Seeker and captain, and co-winner of the Triwizard Tournament. Killed by Peter Pettigrew on Lord Voldemort's command."
Dippet,Armando,,,,,Professor,Professor at Hogwarts. Served as headmaster before Albus Dumbledore.
Doge,Elphias,,,TRUE,"Order of the Phoenix, Advance Guard",,School friend of Albus Dumbledore.
Dolohov,Antonin,,,TRUE,Death Eater,,"Death Eater who killed Fabian Prewett, Gideon Prewett, and Remus Lupin."
Dumbledore,Abeforth,,Gryffindor,FALSE,Order of the Phoenix,,Brother of Albus and Ariana Dumbledore. Owner of the Hog's Head tavern.
Dumbledore,Albus,,Gryffindor,FALSE,Order of the Phoenix,Professor,Transfiguration professor in Tom Riddle's time and Hogwarts headmaster in Harry Potter's time. Founder of the Order of the Phoenix. Killed by Severus Snape on his own request.
Dumbledore,Ariana,,,FALSE,,,"Sister of Albus and Aberforth Dumbledore, killed in three-way duel between her brothers and Gellert Grindelwald."
Dumbledore,Kendra,,,FALSE,,,"Wife of Percival Dumbledore. Mother of Albus, Aberforth and Ariana Dumbledore."
Dumbledore,Percival,,,FALSE,,,"Husband of Kendra Dumbledore, father of Albus, Aberforth and Ariana Dumbledore."
Dursley,Dudley,,,FALSE,,,"Muggle son of Vernon Dursley and Petunia Evans, first cousin of Harry Potter."
Dursley,Marge,,,FALSE,,,Muggle sister of Vernon Dursley.
Dursley,Petunia,,,FALSE,,,"Harry's aunt, and his mother Lily's sister.  Vernon's wife and Dudley's mother."
Dursley,Vernon,,,FALSE,,,Harry Potter's Muggle uncle. Petunia's husband and Dudley's father.
Edgecombe,Marietta,,Ravenclaw,TRUE,Dumbledore's Army,Student,Ravenclaw student one year above Harry. Member of Dumbledore's Army who later betrays the group to Dolores Umbridge.
Figg,Arabella,,,,Order of the Phoenix,,Squib neighbor of the Dursleys. Member of the Order of the Phoenix.
Filch,Argus,,,,,Hogwarts stuff,Squib caretaker of Hogwarts.
Finch - Fletchey,Ignatius,,Hufflepuff,FALSE,,Student,Son of Justin Finch-Fletcher. Good friends with housemates Louis Weasley and Morgan Hallterman.
Finch - Fletchey,Justin,,Hufflepuff,FALSE,Dumbledore's Army,Student,Muggle-born Hufflepuff student in Harry's year. Member of Dumbledore's Army.
Finnigan,Seamus,,Gryffindor,FALSE,Dumbledore's Army,Student,Gryffindor student in Harry's year. Member of Dumbledore's Army and best friend of housemate Dean Thomas. Became professor at Hogwarts.
Flamel,Nicolas,,,,,,Creator and owner of the Philosopher's Stone.
Fleur - Perl,Dahlia,,,,Slug club,,"Opera singer. Horace Slughorn kept a picture of her in a Viking maiden costume on his shelf, which she had inscribed, ""Best wishes"". "
Flint,Marcus,,Slytherin,TRUE,,Student,Slytherin Quidditch captain.
Fletcher,Mundungus,,,FALSE,Order of the Phoenix,,Common thief and shifty Order of the Phoenix member.
Flitwick,Filius,,Ravenclaw,FALSE,,Professor,"Head of Ravenclaw House and Charms professor at Hogwarts. Flitwick was a duelling champion when he was young. He opposed Dolores Umbridge, the High Inquisitor of Hogwarts. Fought at the Battle of the Astronomy Tower. He also protected the students from the Carrows. He defeated many Death Eaters and survived the war. He continued to teach Charms at Hogwarts to future generations of students. Good friends with Minerva McGonagall."
Flume,Ambrosius,,,,Slug club,Hogsmeade,"Owner of Honeydukes sweetshop, a very popular shop among Hogwarts students during their weekend outtings in the village."
Fortescue,Florean,,,,,Diagon Alley,Ice cream vendor at Diagon Alley.
Fudge,Cornelius,,,TRUE,,Ministry of magic,Minister for Magic in the first five books. Sacked after persistently denying Lord Voldemort's return.
Gaunt,Marvolo,,,TRUE,,,"The pure-blood father of Merope and Morfin Gaunt, and grandfather of Tom Marvolo Riddle."
Gaunt,Merope,,,TRUE,,,Tom Riddle's mother who died in childbirth.
Gaunt,Morfin,,,TRUE,,,"Marvolo's son and Merope's brother. Framed by his nephew Tom Riddle for Muggle killings, and died in Azkaban."
Goldstein,Anthony,,Ravenclaw,FALSE,Dumbledore's Army,Student,Ravenclaw student in Harry's year. Member of Dumbledore's Army.
Goldstein,Tina,,,FALSE,,Auror,"Porpentina. American witch. She attended Ilvermorny School of Witchcraft and Wizardry, where she was sorted into Thunderbird house. Sister of Queenie Goldstein. Newt Scamenders wife."
Goldstein,Queenie,,,FALSE,,,"American half-Blood witch. She attended Ilvermorny School of Witchcraft and Wizardry, where she was sorted into Pukwudgie house. Younger sister of Tina Goldstein."
Goyle,Mr.,,Slytherin,TRUE,Death Eater,,Death Eater and father of Gregory Goyle.
Goyle,Gregory,,Slytherin,TRUE,Inquisitorial Squad,Student,Slytherin student in Harry's year. Slytherin Quidditch Beater and member of the Inquisitorial Squad.
Granger,Hermione,,Gryffindor,FALSE,"Dumbledore's Army, Slug club",Student,Muggle-born Gryffindor student in Harry's year and one of his best friends. Prefect and co-founder of Dumbledore's Army.
Greengrass,Astoria,,Slytherin,TRUE,,Student,Draco Malfoy's wife. Mother of Scorpius Malfoy. She died in 2019 due to her blood curse.
Greengrass,Daphne,,Slytherin,TRUE,,Student,Sister of Astoria.
Gregorovitch,,,,,,,Highly regarded Eastern European wandmaker.
Greyback,Fenrir,,,FALSE,Death Eater,,Fenrir Greyback – Werewolf working for the Death Eaters.
Grindelwald,Gellert,,,,,,"Former close friend and lover of Albus Dubledore. A dark wizard who was jailed in Nurmengard, after Albus Dumbledore defeated him in the 1940s. Owner of the Elder wand, before he lost it in the duel against Albus Dumbledore."
Grubbly - Plank,Wilhelmina,,,,,Professor,Wilhelmina Grubbly-Plank – Substitute Care of Magical Creatures professor during Harry's fourth and fifth years.
Gryffindor,Godric,,Gryffindor,TRUE,Hogwarts Founder,,One of the four founders of Hogwarts. He was a very powerful wizard.
Hagrid,Rubeus,,Gryffindor,FALSE,"Order of the Phoenix, Advance Guard",Professor,"Half-giant wizard, son of the giantess Fridwulfa and elder half-brother of the giant Grawp. Hogwarts gamekeeper. Care of Magical Creatures professor starting in Harry's third year. Member of the Order of the Phoenix. As a Hogwarts student, he was expelled in his third year."
Hooch,Rolanda,,,FALSE,,Professor,Hogwarts flying instructor and Quidditch referee.
Hopkirk,Mafalda,,,,,Ministry of magic,Witch who works in the Ministry of Magic. Impersonated by Hermione Granger.
Hufflepuff,Helga,,Hufflepuff,TRUE,Hogwarts Founder,,Founder of Hufflepuff House. Co-founder of Hogwarts School of Witchcraft and Wizardry.
Hullterman,Morgan,,Hufflepuff,,,,
Jenkins,Emily,,Ravenclaw,TRUE,,Student,Ravenclaw chaser. Friends with Iris Cresswell and Irene Mcmillan.
Johnson,Angelina,,Gryffindor,,,Student,Gryffindor student two years above Harry. Quidditch Chaser and later team captain.
Jones,Gwenog,,,,Slug club,,Captain of the Holyhead Harpies.
Jones,Hestia,,,TRUE,"Order of the Phoenix, Advance Guard",,"Member of the Advance Guard, she later escorted the Dursleys from their home to a safe location, along with Dedalus Diggle."
Jordan,Lee,,Gryffindor,,,Student,Gryffindor student two years above Harry. Hogwarts Quidditch commentator and good friend of Fred and George Weasley.
Jorkins,Bertha,,,,,Ministry of magic,Ministry of Magic employee that worked under the Department of Magical Games and Sports. Killed by Voldemort in order to create Nagini as the last horcrux.
Kama,Laurena,,,TRUE,,,Wife to both Mustafa Kama and mother to Yusuf Kama. She was put under the Imperius Curse by Corvus Lestrange and forcibly had a daughter with him. Laurena died after giving birth to Leta Lestrange.
Kama,Mustafa,,,TRUE,,,French wizzard of Senegalese descent. Father Of Yusuf Kama.
Kama,Yusuf,,,TRUE,,,"French wizzard,son of Mustafa. Last male in his family line."
Karkaroff,Igor,,,TRUE,,Headmaster,Reformed Death Eater. Headmaster of wizarding school Durmstrang.
Kowalski,Jacob,,,FALSE,,,Non-maji. Friend of Newt Scamander and boyfriend of Queenie Goldstein. 
Krum,Viktor,,,TRUE,,Student,Bulgarian Quidditch Seeker and Durmstrang student who participated in the Triwizard Tournament.
Kettlebum,Silvanus,,,TRUE,,Professor,Care of Magical Creatures teacher until Harry's third year.
Lestrange,,Lestrange family,Slytherin,TRUE,Slug club,,"He was a member of Tom Riddle's gang when they attended Hogwarts.During his time at school, Lestrange forgot to turn in a Potions essay for Professor Slughorn and was nearly put in detention."
Lestrange,Bellatrix,"Black family, Lestrange family",Slytherin,TRUE,Death Eater,,Cousin of Sirius Black. Sister to Narcissa Malfoy and Andromeda Tonks. A Death Eater who tortured Neville Longbottom's parents Frank and Alice into insanity. She killed Serious Black. She was killed by Molly Weasley during the Battle of Hogwarts.
Lestrange,Clarisse,"Lestrange family, Tremblay family",,TRUE,,,Second wife of Corvus Lestrange
Lestrange,Leta,"Lestrange family, Tremblay family",Slytherin,TRUE,,,"Daughter of Corvus Lestrange and Laurena Kama. Newt Scamander's high school love. Fiancé of his borther, Theseus Scamander. She regarded herself guilty of unintentionally killing her brother. She was onboard the Titanic. She sacrificed herself, distracting Grindelwalt in Paris. Her demise inspired Newt Scamander to openly go to war against Grindelwald."
Lestrange,Rabastan,,,TRUE,Death Eater,,Death Eater. Brother of Rodolphus Lestrange.
Lestrange,Rodolfus,,,TRUE,Death Eater,,Death Eater. Bellatrix's husband and Rabastan's brother.
Lockhart,Gilderoy,,Ravenclaw,FALSE,,Professor,Fraudulent celebrity author and Defence Against the Dark Arts teacher. Lost his memory after a memory charm backfired and resided in St. Mungo's afterwards.
Longbottom,Alice,,Gryffindor,TRUE,Order of the Phoenix,Auror,Neville Longbottom's mother. Auror and member of the original Order of the Phoenix. Tortured into insanity by Bellatrix Lestrange.
Longbottom,Agusta,,Gryffindor,TRUE,,,"Frank's mother and Neville's grandmother, who raises him after his parents are incapacitated."
Longbottom,Frank,,Gryffindor,TRUE,Order of the Phoenix,Auror,Neville Longbottom's Father. Auror and member of the original Order of the Phoenix. Tortured into insanity by Bellatrix Lestrange.
Longbottom,Neville,,Gryffindor,TRUE,,Student,Gryffindor student in Harry's year. Member of Dumbledore's Army.
Lovegood,Luna,Lovegood family,Ravenclaw,TRUE,,Student,Xenophilius Lovegood's daughter and Ravenclaw student one year below Harry. Member of Dumbledore's Army and wife of Newt Scamander's grandson Rolf.
Lovegood,Pandora,Lovegood family,,,,,"Luna's mother and Xenophilius' wife. She was an extraordinary witch who liked to experiment with spells and she died when her own spell backfired, when Luna was nine."
Lovegood,Xenophilius,Lovegood family,,TRUE,,,Luna's father. Editor of tabloid magazine The Quibbler.
Lupin,Remus,"Lupin family, Tonks family, Black family",Gryffindor,FALSE,,,"Lycanthropic Gryffindor student before Harry's time who befriended Sirius Black and James Potter. Professor of Defence Against the Dark Arts in Harry's third year, and member of the Order of the Phoenix. He and his wife Nymphadora Tonks gave birth to a son, Teddy, before dying in the Battle of Hogwarts."
Lupin,Teddy,"Lupin family, Tonks family, Black family, Potter family",Hufflepuff,FALSE,,,Edward Lupin. Son of Remus Lupin and Nymphadora Tonks. Harry Potter's godson. Boyfriend of Victoire Weasley. 
Macnair,Walden,,,TRUE,Death Eater,,Death Eater and Committee of Disposal of Dangerous Creatures' executioner. Injured badly by Hagrid during the Battle of Hogwarts.
Malfoy,Abraxas,Malfoy family,Slytherin,TRUE,,,"Father of Lucius Malfoy, grandfather of Draco Malfoy and great-grandfather of Scorpius Malfoy. He was related by marriage to the Blacks, through his daughter-in-law Narcissa, and, more distantly, to the Lestranges. An old friend of Slughorn's."
Malfoy,Draco,"Malfoy family, Black family",Slytherin,TRUE,,Student,"Slytherin student in Harry's year. Quidditch Seeker, prefect, and member of the Inquisitorial Squad."
Malfoy,Lucius,"Malfoy family, Black family",Slytherin,TRUE,"Death Eater, Slug club",Ministry of magic,Husband of Narcissa. Draco Malfoy's father. Respected high-ranking Ministry of Magic official. Governor of Hogwarts early in the series. Influential Death Eater.
Malfoy,Narcissa,"Malfoy family, Black family",Slytherin,TRUE,,,Lucius' wife and Draco's mother. Sister of Bellatrix Lestrange and Andromeda Tonks. Cousin of Sirius Black.
Malfoy,Scorpius,"Malfoy family, Black family",Slytherin,TRUE,,Student,Son of Draco Malfoy and Astoria Greengrass. Sorted into Slytherin. Friends with Albus Potter.
Malkin,Madam,,,,,Diagon Alley,Clothing shop owner in Diagon Alley.
Marchbanks,Griselda,,,,,Professor,"Governor of the Wizarding Examinations Authority which ran the O.W.L, N.E.W.T., and W.O.M.B.A.T. exams. Wizengamot elder. She was a friend and supporter of Albus Dumbledore, impressed by his incredible magical talents. According to Neville Longbottom, she was a tough and strict woman much like his grandmother."
Maxime,Olympe,,,FALSE,Order of the Phoenix,Headmaster,French half-giant witch. Headmistress of Beauxbatons Academy of Magic.
McGonagall,Malcolm,"McGonagall family, Ross family",,FALSE,,,Younger brother of Minerva McGonagall. Malcolm eventually fathered at least one child. His offspring would often visit his sister's home in Hogsmeade during her brief marriage.
McGonagall,Minerva,"McGonagall family, Ross family, Urquart family",Gryffindor,FALSE,Order of the Phoenix,Professor,"Hogwarts Transfiguration professor. Head of Gryffindor House. Animagus. Deputy Headmistress of Hogwarts, and member of the Order of the Phoenix. Assumes position of Hogwarts Headmaster for a time after Voldemort's death."
McGonagall,Robert,"McGonagall family, Ross family",,FALSE,,,Muggle father of Minerva McGonagall.
McGonagall,Rober Jr.,"McGonagall family, Ross family",,FALSE,,,Youngest brother of Minerva McGonagall. Fathered at least one child. Killed by Death Eaters during the height of the First Wizarding War.
McMilan,Ernest,,Hufflepuff,TRUE,Dumbledore's army,Daily Prophet,He became assistant director of the Daily Prophet. Father of Irene.
McMilan,Irene,,Ravenclew,FALSE,,Student,Daughter of Ernest and Susan Bones. Sister of Justin.
McMilan,Justin,,,FALSE,,,"Son of Ernest Mc Millan and Susan Bones. Brother of Irene. Named after Justin Finch-Fletchley, a close friend of his father."
Midgen,Eloise,,Gryffindor,,,Student,Gryffindor student that accidentally removed her nose trying to get rid of her acne. Known for her bad case of acne.
McLaggen,Cormac,,Gryffindor,FALSE,Slug club,Student,Gryffindor student one year above Harry Potter. Quidditch Keeper and member of Horace Slughorn's Slug Club. His uncle Tiberius was well-connected within the Ministry of Magic.
Montague,Graham,,Slytherin,,,Student,Slytherin Quidditch Chaser who became trapped inside a Vanishing Cabinet for six months.
Moody,Alastor (Mad-eye),,Hufflepuff,TRUE,"Order of the Phoenix, Advance Guard",Auror,Retired Auror and member of the Order of the Phoenix. Impersonated by Barty Crouch Jr. in his scheme to enter Harry into the Triwizard Tournament. Killed by Voldemort.
Nagini,Nagini,,,,,,"Maledictus cursed to transform into a snake form and belonged to Lord Voldemort, with whom she had a special bond largely due to becoming a Horcrux, after her master had killed Bertha Jorkins. She was killed by Neville Longbottom."
Nott,Cantankerus,,,TRUE,,,"He was widely believed to have been the one who penned the Pure-Blood Directory. Some of the families presented in his apparent directory weren't as pure-blooded as he claimed, such as the Ollivander family. Also many pure-blooded families such as the Potters were not listed, in fact many pure-blood supremacists were angered by their lack of inclusion."
Nott,Theodore,,Slytherin,TRUE,,Student,Slytherin student in the same year as Harry Potter.
Nott,Theodore Sr.,,,TRUE,"Death Eater, Slug club",,Theodore Nott's father. Death Eater.
Ogden,Bob,,,TRUE,,Magical Law Enforcement,Leader of the Department of Magical Law Enforcement Squad in the 1920s. Turned the Gaunt family over to the Wizengamot for using magic in front of a Muggle. Died before Harry Potter's sixth year.
Ollivander,Garrick,,Ravenclaw,FALSE,,Diagon Alley,"Wandmaker and owner of the Ollivanders wand shop. Kidnapped by the Malfoy family for several months until freed by Harry, Ron, and Hermione. His family was known to have been in the wandmaking business since 382 B.C.. It was said that the name means ‘he who owns the olive wand’, which suggested that the original Ollivander arrived in Britain from a Mediterranean country (olive trees not being native to the UK).[3]"
Parkinson,Pansy,,Slytherin,TRUE,Inquisitorial Squad,Student,Slytherin student in Harry's year. Prefect and member of the Inquisitorial Squad.
Patil,Padma,,Ravenclaw,,Dumbledore's Army,Student,"Ravenclaw student in Harry's year. Identical twin sister of Gryffindor student Parvati Patil, and a member of Dumbledore's Army."
Patil,Parvati,,Gryffindor,,Dumbledore's Army,Student,Gryffindor student in Harry's year and Padma's identical twin sister. Member of Dumbledore's Army.
Pettigrew,Peter,,Gryffindor,,Death Eater,,"Death Eater and former Gryffindor student. School friend of James Potter, Sirius Black and Remus Lupin. Betrays Harry's parents James and Lily Potter to Voldemort, resulting in their deaths. Pettigrew is first introduced in the series as Ron Weasley's pet rat Scabbers. He is strangled to death by his own metal prosthetic hand after his loyalty towards Voldemort wavers upon Harry confronting him about having previously spared Pettigrew's life."","
Perevel,Antioch,,,TRUE,,,"Brother of Cadmus, and Ignotus Peverell. The original owner of the Elder Wand."
Perevel,Cadmus,,,TRUE,,,"Brother of Antioch, and Ignotus Peverell. The original owner of the Resurrection Stone."
Perevel,Ignotus,,,TRUE,,,"Brother of Cadmus, and Antioch Peverell. The original owner of the Invisibility Cloak."
Pince,Irma,,,FALSE,,Hogwarts stuff,Hogwarts librarian.
Podmore,Sturgis,,,,"Order of the Phoenix, Advance Guard",,Member of the Order of the Phoenix.
Pomfrey,Poppy,,,FALSE,,Hogwarts stuff,Hogwarts school nurse.
Potter,Euphemia,Potter family,,TRUE,,,"Harry Potter's grandmother. Mother of James Potter. When James's best friend, Sirius Black, ran away from home at age sixteen, he found refuge in the Potter household. Euphemia and her husband came to regard Sirius as something of a second son. Advancing in age, both Euphemia and her husband Fleamont succumbed to Dragon Pox shortly after the marriage of their son James. She was among the relatives who Harry saw when he looked into the Mirror of Erised. "
Potter,Fleamont,"Potter family, Fleamont family, Peverell family",Gryffindor,TRUE,,,"Harry Potter's paternal grandfather. Fleamont was born into the wealthy pure-blooded family, to Henry Potter, a prominent Wizengamot member. He was named after his paternal grandmother's maiden name, as it was her dying wish that he perpetuate her maiden name, which would otherwise die out. At some point and per the family tradition, he inherited the Cloak of Invisibility from his father, who was a distant descendant of Ignotus Peverell."
Potter,Harry,"Potter family, Evans family, Black family",Gryffindor,FALSE,"Dumbledore's Army, Slug club",Student,"Harry James Potter. The main character of the series. The boy who lived. The chosen one. Orphaned son of James and Lily Potter. On his eleventh birthday, Harry learned that he was a wizard, from Rubeus Hagrid. Gryffindor student at Hogwarts, and co-founder and first leader of Dumbledore's Army. The husband of Ginny Weasley, father of James Sirius, Albus Severus and Lily Luna Potter. Harry was also noted for being the only known Master of Death, having united the three Deathly Hallows at the mere age of seventeen. Harry was promoted to Head of the Auror Office at the age of 26 and would occasionally deliver Defence Against the Dark Arts lectures at Hogwarts. He later went on to be Head of the Department of Magical Law Enforcement"
Potter,James,"Potter family, Evans family, Black family",Gryffindor,TRUE,Order of the Phoenix,,Harry Potter's father and member of the Order of the Phoenix. Killed along with his wife Lily by Lord Voldemort prior to the start of the series.
Potter,Lily,"Potter family, Evans family",Gryffindor,FALSE,"Order of the Phoenix, Slug club",,"Muggle-born Gryffindor. Harry Potter's mother and member of the Order of the Phoenix. Killed by Lord Voldemort. After Hogwarts, Lily married James. Along with their friends Sirius Black, Remus Lupin, and Peter Pettigrew, the couple joined the Order of the Phoenix during the First Wizarding War. She and her husband defied Lord Voldemort himself three times. Shortly afterwards, Lily and James had a son, Harry James Potter, of whom they made Sirius the godfather. However, the family was forced to go into hiding after a prophecy was made concerning Lord Voldemort and their infant son. She and James were betrayed by Pettigrew and thus both were murdered by Voldemort. She learned of her magical nature as a child, after har close friend Severus Snape recognised her as a witch and told her of the existence of magic."
Potter,Albus - Severus,"Potter family, Evans family, Black family",Slytherin,FALSE,,Student,Second child of Harry Potter and Ginny Weasley.
Potter,James - Sirius,"Potter family, Evans family, Black family",Gryffindor,FALSE,,,First child of Harry Potter and Ginny Weasley.
Potter,Lily - Luna,"Potter family, Evans family, Black family",Gryffindor,FALSE,,,Third child of Harry Potter and Ginny Weasley.
Prewett,Ignatius,"Prewett family, Black family",,TRUE,,,
Quirrell,Quirinus,,Ravenclaw,FALSE,,Professor,Defence Against the Dark Arts professor in Harry Potter's first year. Possessed by Lord Voldemort.
Ravenclaw,Helena,,Ravenclaw,,,Ghost,"The Grey Lady – Daughter of house founder Rowena Ravenclaw. Stole and hid her mother's diadem, and became Ravenclaw's house ghost after being killed by the Bloody Baron."
Ravenclaw,Rowena,,Ravenclaw,TRUE,Hogwarts Founder,,"One of the four founders of Hogwarts School of Witchcraft and Wizardry, and founder of the Ravenclaw house."
Riddle,Delphini,"Riddle family, Lestrange family, Black family",,FALSE,,,"Daughter of Tom Riddle (Voldemort) and Bellatrix Lestrange. Delphini was born in secret at Malfoy Manor. Euphemia Rowle took Delphi in and raised her, allegedly only because she was offered a substantial amount of gold. Being the only child of Lord Voldemort, she was able to speak Parseltongue. Delphi became the only known living heir of Salazar Slytherin after the demise of her father. Delphini was imprisoned in Azkaban for the murder of Craig Bowker Jr. Exactly like Voldemort and Bellatrix Lestrange, Delphini was intensely sadistic, being easily able to cast the Cruciatus Curse with malicious intent and proving to be a dangerous opponent, even for Harry Potter. Aside from being malicious, Delphini was independent and highly determined, orchestrating a complicated plan to restore Voldemort without any immediate assistance that she didn't gain through manipulating or exploiting other people, something Voldemort himself had possessed. Exactly like Voldemort and Bellatrix Lestrange, Delphini was intensely sadistic, being easily able to cast the Cruciatus Curse with malicious intent and proving to be a dangerous opponent for even Harry Potter. Aside from being malicious, Delphini was independent and highly determined, orchestrating a complicated plan to restore Voldemort without any immediate assistance that she didn't gain through manipulating or exploiting other people, something Voldemort himself had possessed. Delphi was a highly skilful duellist. She quickly defeated the Head of the Department of Magical Law Enforcement Harry Potter, and it took the combined might of him, Minister for Magic Hermione Granger and seasoned duellists Ronald Weasley and Draco Malfoy to defeat her, showing her proficiency in martial magic."
Riddle,Mary,Riddle family,,FALSE,,,"Thomas Riddle Sr.'s Muggle wife, and Thomas Riddle Jr.'s mother. Killed by her grandson, Lord Voldemort."
Riddle,Thomas Sr.,Riddle family,,FALSE,,,Mary's Muggle husband and Thomas Riddle Jr.'s father. Killed by Voldemort.
Riddle,Thomas Jr.,Riddle family,,FALSE,,,"Voldemort's Muggle father and Merope Gaunt's husband. Killed by his son, Lord Voldemort."
Riddle,Tom,"Riddle family, Gaunt family",Slytherin,FALSE,Slug club,Student,Thomas - Marvolo. Slytherin student who became Lord Voldemort.
Robins,Demelza,,Gryffindor,,,Student,Gryffindor student and Quidditch Chaser.
Rookwood,Augustus,,,FALSE,,,Death Eater and spy working in the Department of Mysteries.
Ross,Isobel,,,TRUE,,,"Mother of Minerva, Malcolm and Robert Jr. She married muggle Robert McGonagall. Isobel played as a Quidditch Captain in her youth at Hogwarts"
Rowle,Euphemia,,,TRUE,,,
Rowle,Thorfinn,,,TRUE,Death Eater,,"He fought at the Battle of the Astronomy Tower, where he accidentally killed fellow Death Eater Gibbon, burned Rubeus Hagrid's cabin, and tortured Harry Potter."
Runcom,Albert,,,TRUE,,Ministry of magic,Ministry of Magic employee whose chief function was as an investigator of alleged Muggle-borns.
Scamander,Lorcan,"Scamander family, Lovegood family, Goldstein family",,FALSE,,,"Son of Luna Lovegood and Rolf Scamander. When his mother travelled to the Patagonian Desert, in Argentina, to attend the final of the 427th Quidditch World Cup, in July 2014, Lorcan was left at home with his grandfather Xenophilius, along with his twin brother, Lysander. Great-grandson of Newt Scamander and Porpentina Goldstein."
Scamander,Lysander,"Scamander family, Lovegood family, Goldstein family",,FALSE,,,Son of Luna Lovegood and Rolf Scamander. Twin brother of Lorcan. Great-grandson of Newt Scamander and Porpentina Goldstein.
Scamander,Newt,"Scamander family, Goldstein family",Hufflepuff,TRUE,,,Newton Scamander. Magizoologist and author of Fantastic Beasts and Where to Find Them. Main character in the Fantastic Beasts film series. Expelled Hogwarts student who excels in curing different sicknesses.
Scamander,Rolf,"Scamander family, Lovegood family, Goldstein family",,FALSE,,Daily Prophet,Husband of Luna Lovegood. Grandson of Newt Scamander and Porpentina Goldstein. British wizard in the employment of the Daily Prophet who followed the footprints of his famous grandfather and became a magizoologist.
Scamander,Theseus,"Scamander family, Lestrange family",Hufflepuff,TRUE,,Auror,Brother of Newt Scamender. Fiancée of Leta Lestrange. He was involved in WWI and was regarderd a hero.
Scrimgeur,Rufus,,,TRUE,,Auror,Head of the Auror Office who replaces Cornelius Fudge as Minister for Magic. Killed by Death Eaters.
Shacklebolt,Kingsley,,,TRUE,"Order of the Phoenix, Advance Guard",Auror,Auror and member of the Order of the Phoenix. Replaces Pius Thicknesse as Minister for Magic.
Shunpike,Stan,,,FALSE,Death Eater,,Conductor of the triple-decker Knight Bus. Jailed in Azkaban on suspicions of being a Death Eater.
Sinistra,Aurora,,,FALSE,,Professor,Astronomy professor at Hogwarts.
Skeeter,Rita,,,FALSE,,Daily Prophet,Reporter and tabloid journalist for the Daily Prophet.
Slinkhard,Wendy,,,FALSE,Slug club,,"Writer, and kin to Wilbert Slinkhard."
Slughorn,Horace,,Slytherin,TRUE,Slug club,Professor,"Former Hogwarts Potions professor and Head of Slytherin House, whose charges included Tom Riddle. Returned to Hogwarts to teach Potions in Harry's sixth year."
Slytherin,Salazar,,Slytherin,TRUE,Hogwarts Founder,,"One of the four founders of Hogwarts School of Witchcraft and Wizardry, and founder of the Slytherin house. He believed that Muggle-borns should not attend Hogwarts."
Smith,Zacharias,,Hufflepuff,FALSE,,Student,Hufflepuff Quidditch Chaser in Harry's year. Member of Dumbledore's Army.
Snape,Eileen,Prince family,Slytherin,TRUE,,,"Eileen Prince. Mother of Severus Snape. While at school, Eileen was captain of the school Gobstones team during her fifth year."
Snape,Severus,Prince family,Slytherin,FALSE,"Order of the Phoenix, Death Eater, Slug club",Professor,"Potions and later Defence Against the Dark Arts professor at Hogwarts. Head of Slytherin House, and member of both the Death Eaters and the Order of the Phoenix as a double agent spying for Dumbledore. Severus was raised in the Muggle dwelling of Spinner's End, which was in close proximity to the home of the Evans family, though in a poorer area. He met Lily and Petunia Evans when he was nine and fell deeply in love with Lily, becoming a close friend of hers. He both loved Harry Potter, as he reminded him of his childhood friend Lily Evans Potter with whom his remained in love until his end. At the same time he dispised him because he also reminded him of his father, James who was bullying him severely when they were students.Half-Blood Prince."
Snape,Tobias,,,FALSE,,,Muggle father of Severus Snape. He married Eileen Prince.
Spinnet,Alicia,,Gryffindor,FALSE,,Student,Gryffindor student two years above Harry. Quidditch Chaser and member of Dumbledore's Army.
Sprout,Pomona,,Hufflepuff,FALSE,,Professor,Hogwarts Herbology professor and Head of Hufflepuff House.
Thicknesse,Pius,,,TRUE,,Ministry of magic,Minister for Magic while under the Imperius Curse. Replaced by Kingsley Shacklebolt.
Thomas,Dean,,Gryffindor,FALSE,Dumbledore's Army,Student,Gryffindor student in Harry's year. Member of Dumbledore's Army.
Tonks,Andromeda,"Black family, Tonks family",,TRUE,,,"Sister of Bellatrix Lestrange and Narcissa Malfoy, and the mother of Nymphadora Tonks. Disowned by her family for marrying Muggle-born Ted Tonks."
Tonks,Nymphadora,"Lupin family, Tonks family",Hufflepuff,FALSE,"Order of the Phoenix, Advance Guard",,"Nymphadora Lupin. Ted and Andromeda's daughter. Auror and member of the Order of the Phoenix. She marries Remus Lupin and becomes the mother of a son, Teddy, before she and Remus are killed in the Battle of Hogwarts."
Tonks,Ted,,,FALSE,,,"Andromeda's Muggle-born husband, and the father of Nymphadora Tonks. Killed by Snatchers."
Tralawney,Sybill,,Ravenclaw,FALSE,,,Hogwarts Divination professor. Predicted the prophecy that prompted Lord Voldemort to go after the Potters.
Tremblay,Bernard,Tremlay family,,TRUE,,,Husband of Leonie Tremblay.
Tremblay,Falco I,Tremlay family,,TRUE,,,Father of Bernard
Tremblay,Falco II,Tremlay family,,TRUE,,,Grandson of Falco I.
Tremblay,Leonie,"Tremblay family, Lestrange family",,TRUE,,,"Wife of Bernard Ttremblay. had two children with him, daughter Clarisse and son Falco."
Wilkie,Twycross,,,FALSE,,,Hogwarts Apparition instructor who works in the Department of Magical Transportation.
Umbridge,Dolores,,,FALSE,,Ministry of magic,"Senior Undersecretary to the Minister for Magic, Hogwarts High Inquisitor and temporary Headmistress of Hogwarts. She becomes Defence Against the Dark Arts professor in Harry Potter's fifth year, and joins in the persecution of half-bloods and Muggle-borns under Voldemort. Sentenced to life imprisonment in Azkaban."
Urquart,Elphinstone,"Urquart family, McGonagall family",,TRUE,,Magical Law Enforcement,Husband of Minerva McGonagall. He accidentally died from a venomous tentacula bite.
Vance,Emmeline,,,FALSE,"Order of the Phoenix, Advance Guard",,Member of the Order of the Phoenix and of the Advance Guard that retrieved Harry Potter from 4 Privet Drive and escorted him to 12 Grimmauld Place. Killed by Death Eaters.
Vane,Romilda,,Gryffindor,FALSE,Dumbledore's Army,,Gryffindor student who unsuccessfully tries to romance Harry.
Vector,Septima,,,TRUE,,Professor,Arithmancy professor at Hogwarts.
Voldemort,Lord,,Slytherin,FALSE,,,He who must not be named. You know who. The villain of the series. Murderer of Harry Potter's parents and many others in his quest for immortality and absolute power.
Warren,Myrtle,,Ravenclaw,FALSE,,,"Moaning Myrtle – Muggle-born Ravenclaw student during Tom Riddle's time at Hogwarts. Killed by the Basilisk in a girls' bathroom, which she continued to haunt after her death."
Weasley,Arthur,Weasley family,Gryffindor,TRUE,,,"Muggle-obsessed Ministry of Magic employee, and member of the Order of the Phoenix. Husband of Molly Weasley, father of Bill, Charlie, Percy, Fred, George, Ron, and Ginny Weasley."
Weasley,Bill,Weasley family,Gryffindor,TRUE,,,Oldest son of Arthur and Molly Weasley. Gringotts employee. Marries Fleur Delacour. Father of Victoire Weasley.
Weasley,Charlie,Weasley family,Gryffindor,TRUE,,,Second son of Arthur and Molly Weasley. Member of the Order of the Phoenix. Works with dragons in Romania.
Weasley,Dominique,"Weasley family, Delacour family, Prewett family",Slytherin,FALSE,,,Daughter of Bill Weasley and Fleur Delacour.
Weasley,Fred,Weasley family,Gryffindor,TRUE,,,"Son of Arthur and Molly Weasley and identical twin brother of George Weasley. Gryffindor Quidditch Beater and member of Dumbledore's Army, later co-owner of joke shop Weasleys' Wizard Wheezes. Killed in the Battle of Hogwarts."
Weasley,George,Weasley family,Gryffindor,TRUE,,,"Son of Arthur and Molly Weasley and identical twin brother of Fred Weasley. Gryffindor Quidditch Beater and member of Dumbledore's Army. Co-owner of Weasleys' Wizard Wheezes. He fought in the Battle of Hogwarts in 1998, during which he lost his twin brother Fred."
Weasley,Ginny,Weasley family,Gryffindor,TRUE,Slug club,Daily Prophet,"Ginevra Weasley. Only daughter and youngest child of Arthur and Molly Weasley. Gryffindor student one year below Harry, Quidditch Seeker and Chaser, and member of Dumbledore's Army. Ginny is the wife of Harry Potter. She caught Professor Slughorn's attention when she cast the seemingly difficult Bat-Bogey Hex. Professional Quidditch player for the Holyhead Harpies. Upon retiring from the Harpies, she became the senior Quidditch correspondent for the Daily Prophet."
Weasley,Hugo,"Weasley family, Granger family",Gryffindor,FALSE,,,"Son of Ron Weasley and Hermione Granger, brother of Rose Weasley."
Weasley,Louis,"Weasley family, Delacour family, Prewett family",Hufflepuff,FALSE,,,Son of Bill Weasley and Fleur Delacour.
Weasley,Molly,"Prewett family, Weasley family",Gryffindor,TRUE,,,"Wife of Arthur Weasley and mother of Bill, Charlie, Percy, Fred, George, Ron, and Ginny. Member of the Order of the Phoenix."
Weasley,Percy,Weasley family,Gryffindor,TRUE,,,"Percy Ignatius Weasley. Third son of Arthur and Molly Weasley. Gryffindor prefect and Head Boy, then Ministry of Magic employee, during which he becomes estranged from his family before joining them in fighting the Death Eaters in the Battle of Hogwarts."
Weasley,Ron,Weasley family,Gryffindor,TRUE,,,"Ronald Bilius Weasley. Youngest son of Arthur and Molly Weasley who is best friends with Harry Potter. Husband of Hermione Granger. Gryffindor Quidditch Keeper, prefect, and co-founder of Dumbledore's Army. He skipped his last year of school in order to accompany Harry and Hermione on a hunt to destroy all of Lord Voldemort's Horcruxes. fought in the Battle of Hogwarts in 1998, during which he lost his brother Fred. After the war, Ron became an Auror and helped reform and revolutionise the Ministry of Magic. After two years as an Auror, he went to work at Weasleys' Wizard Wheezes with his brother George. He is the godfather of James Sirius Potter."
Weasley,Rose,"Weasley family, Granger family",Gryffindor,FALSE,,,Gryffindor Quidditch Keeper and captain four years above Harry.
Weasley,Septimus,Weasley family,Gryffindor,TRUE,,,"Because he was considered to be a blood traitor by the Black family, his wife Cedrella was removed from the Black family tree."
Weasley,Victoire,"Weasley family, Delacour family, Prewett family",Gryffindor,FALSE,,,Daughter of Bill Weasley and Fleur Delacour. Victoire is the last character introduced during the Harry Potter series
Wood,Oliver,,Gryffindor,FALSE,,,Daughter of Ron Weasley and Hermione Granger. Sister of Hugo Weasley.
Worple,Eldred,,,TRUE,Slug club,,Writer of Blood Brothers: My Life Amongst the Vampires.
Yaxley,Corban,,,TRUE,Death Eater,,"Death Eater. Head of Magical Law Enforcement under Voldemort's regime. Yaxley did not search for Voldemort after his first downfall, but this was forgiven after Voldemort's return."
Zabini,Blaise,,Slytherin,TRUE,Slug club,,"Slytherin student in Harry's year. His mother was a beautiful witch who has wedded and been widowed at least seven times, thus inheriting a great deal of wealth from her former husbands."
